index,reference,start_seconds,start_timecode_hint,source,confirmed,notes
1,Micah 7:8 (NKJV),4634.880,,graphic,true,"orig #4; clip ""AV Quote 04""; video3/2"
2,2 Corinthians 4:6-9 (NKJV),4731.557,,graphic,true,"orig #7; clip ""AV Quote 04""; video3/4"
3,2 Corinthians 4:6-9 (NKJV),4758.800,,graphic,true,"orig #8; clip ""AV Quote 04""; video3/5"
4,2 Corinthians 4:6-9 (NKJV),4765.840,,graphic,true,"orig #9; clip ""AV Quote 04""; video3/6"
5,Proverbs 24:16 (NKJV),4830.388,,graphic,true,"orig #12; clip ""AV Quote 04""; video3/8"
6,Psalm 4:6 (TLB),4875.396,,graphic,true,"orig #13; clip ""AV Quote 04""; video3/9"
7,Numbers 6:24-26 (NKJV),4925.403,,graphic,true,"orig #14; clip ""AV Quote 04""; video3/10"
8,Psalm 18:28 (TLB),5087.047,,graphic,true,"orig #17; clip ""AV Quote 04""; video3/14"
9,Psalm 31:16 (NKJV),5215.872,,graphic,true,"orig #20; clip ""AV Quote 04""; video3/17"
10,Psalm 31:16 (NKJV),5275.826,,graphic,true,"orig #23; clip ""AV Quote 04""; video3/19"
11,Psalm 27:1 (NKJV),5320.133,,graphic,true,"orig #24; clip ""AV Quote 04""; video3/20"
12,Psalm 27:1 (NKJV),5340.649,,graphic,true,"orig #25; clip ""AV Quote 04""; video3/21"
13,Genesis 39:21 (NKJV),5402.116,,graphic,true,"orig #28; clip ""AV Quote 04""; video3/23"
14,Genesis 39:23 (NKJV),5434.567,,graphic,true,"orig #29; clip ""AV Quote 04""; video3/24"
15,Genesis 39:23 (NKJV),5448.971,,graphic,true,"orig #30; clip ""AV Quote 04""; video3/25"
16,Esther 2:15 (NKJV),5520.083,,graphic,true,"orig #31; clip ""AV Quote 04""; video3/26"
17,Daniel 6:16 (NKJV),5626.385,,graphic,true,"orig #33; clip ""AV Quote 04""; video3/28"
18,Daniel 6:25 (NKJV),5737.320,,graphic,true,"orig #36; clip ""AV Quote 04""; video3/31"
19,Daniel 6:27 (NKJV),5746.840,,graphic,true,"orig #37; clip ""AV Quote 04""; video3/32"
20,Daniel 3:17-18 (NKJV),5762.560,,graphic,true,"orig #38; clip ""AV Quote 04""; video3/33"
21,Acts 16:25-26 (NIV),5785.680,,graphic,true,"orig #39; clip ""AV Quote 04""; video3/34"
22,John 8:12 (NKJV),5851.218,,graphic,true,"orig #40; clip ""AV Quote 04""; video3/35"
23,1 Corinthians 6:17 (TPT),5884.859,,graphic,true,"orig #41; clip ""AV Quote 04""; video3/36"
24,2 Corinthians 4:6 (TPT),5892.716,,graphic,true,"orig #42; clip ""AV Quote 04""; video3/37"
25,Hebrews 12:2 (NKJV),5908.218,,graphic,true,"orig #43; clip ""AV Quote 04""; video3/38"
26,John 1:9 (TPT),5992.096,,graphic,true,"orig #44; clip ""AV Quote 04""; video3/39"
27,Job 22:28 (AMPC),6028.638,,graphic,true,"orig #45; clip ""AV Quote 04""; video3/40"
28,Romans 8:32 (NKJV),6116.780,,graphic,true,"orig #47; clip ""AV Quote 04""; video3/42"
29,Isaiah 60:1-2 (TLB),6161.999,,graphic,true,"orig #48; clip ""AV Quote 04""; video3/43"
30,John 7:38 (NKJV),6198.981,,graphic,true,"orig #49; clip ""AV Quote 04""; video3/44"
31,Matthew 6:22 (TPT),6266.310,,graphic,true,"orig #50; clip ""AV Quote 04""; video3/45"
32,Isaiah 60:1-2 (TLB),6400.101,,graphic,true,"orig #53; clip ""AV Quote 04""; video3/48"
